"TotalDays"	"Avg"	"StdDev"	"Var"	"Low"	"High"
2856	299	34.454267995403583	1187.0965830990917	120	422
